mS,theta2
0.10505469141159955,1.7723300223969268e-8
0.103814389103788,1.792049195068207e-8
0.1143247283527619,1.624076611445467e-8
0.11295111417530038,1.6297620274929742e-8
0.12443958876892584,1.4967137918451478e-8
0.12290129072988461,1.4654005286994215e-8
0.13546871075526398,1.384193546456749e-8
0.14748123830742502,1.2822705382421728e-8
0.16255990540443235,1.2119253967433025e-8
0.16055824516195005,1.1874478065085831e-8
0.1768637660821215,1.0909834912839476e-8
0.17476144745495853,1.0948752456383352e-8
0.19239723576256915,9.959428781018656e-9
0.19026977663165534,1.0056223454931168e-8
0.22438291076119107,2.8294299379163405e-10
0.21436057653990975,4.391053244899763e-10
0.21056958137018914,7.547616692094644e-10
0.2090819856536599,1.3344680201434485e-9
0.20820750707780206,2.3698446426660785e-9
0.20679135224074768,4.1921087089336345e-9
0.20327915068404895,7.220730427073443e-9
0.2208044804110624,0.001047996925928395
0.21097190236471103,0.0013614186781508377
0.20862704140058239,0.0023713737056616554
0.20862704140039534,0.004216965034285823
0.20862704139891328,0.007498942093324557
0.23351176528718234,1.461471567153559e-10
0.22528475663756323,2.2952493504727116e-10
0.21541136837835492,3.4384970375729636e-10
0.23241065980319908,0.00015119461401023995
0.2274207749397619,0.00023713498022164337
0.22725047721405836,0.00042166441747200085
0.22383557751320585,0.000720001384869763
0.2526991983506345,8.882856427389901e-11
0.24246722890732025,1.0861350719549713e-10
0.2616446109878103,3.132009909276989e-5
0.24936452858689778,4.282889025116281e-5
0.24641812905564123,7.52449380566177e-5
0.2420133017729092,0.00011322851611990768
0.27663312527175293,4.8132948281932145e-11
0.2650052411930457,6.650953618944964e-11
0.27657933561274034,4.837959654892949e-6
0.2707286162549328,7.498708775727799e-6
0.2701197187527789,1.3328936943931987e-5
0.26534258738115213,2.2584785190304142e-5
0.3014771632321604,2.7947352840067354e-11
0.28879147039093434,3.608406515382138e-11
0.3025266632175887,1.5517508384584795e-6
0.2957274018168725,2.3725103303462723e-6
0.28906032421871775,3.630592643232177e-6
0.33096560911193856,2.089391340783669e-11
0.3200754562044603,2.2048703282166595e-11
0.33929242261241194,5.868149512058393e-7
0.3255968043421551,7.669671721513101e-7
0.31506758318816225,1.1650714603225219e-6
0.35460981892076515,1.6883081989930933e-11
0.34568933393198187,1.7820522131191427e-11
0.35002597343023584,4.1618645692191916e-7
0.38344351666058235,1.4292189262531598e-11
0.3855786143822268,2.612538987148181e-7
0.3732365947117644,2.8407973037346314e-7
0.4155395521933701,1.2326472527913493e-11
0.4235887320584053,1.5296158693657746e-7
0.4054078042457337,2.010310042682007e-7
0.4600882450110281,1.0307581582990263e-11
0.45068528753404513,1.0648550694875002e-11
0.45292996323805357,1.2314840156019735e-7
0.49841864024973415,8.95860192075009e-12
0.489274451837274,9.1023913323879e-12
0.49462624436657665,7.398469403167108e-8
0.46790037910360144,1.0564537176853598e-7
0.5413292299598389,7.914079899199063e-12
0.5629104374909489,6.494342624246043e-8
0.5403547611111411,6.169874073284978e-8
0.5879139689520825,7.0156574924884005e-12
0.6057061137483272,3.6765285912338413e-8
0.5854827917847473,4.067718498270537e-8
0.561377607850803,5.312497598276961e-8
0.6502594783552447,6.086885241910916e-12
0.6385139530811316,6.206218710990523e-12
0.6727812848660126,2.0336722649472908e-8
0.6410800927931902,2.342380417365421e-8
0.612719490956014,2.9152784945675586e-8
0.7058960036209331,5.260097195646736e-12
0.6924426737350947,5.398496404001432e-12
0.7370243257086873,1.1289972956698465e-8
0.7066439662236373,1.4078673705540591e-8
0.689618311112592,1.6287413306239122e-8
0.7661688387911578,4.5472402803039375e-12
0.7684493578530855,7.962286505281787e-9
0.7246649424598497,1.089227846762942e-8
0.8547028665369781,3.6236892284451934e-12
0.8281514905640462,3.832091687018479e-12
0.8888022631986148,3.2913250573706583e-9
0.8382970676160468,4.356443047454134e-9
0.8016992431027271,6.101708018004447e-9
0.9167035683053603,2.5914224445095855e-12
0.8787938295403279,3.0730348498007475e-12
0.9497568000904238,8.647434975384217e-10
0.9145052524262925,1.3538337984349644e-9
0.8921383108644644,2.2896955904449583e-9
0.8519787772093556,3.3155110351847785e-9
1.005991368539682,2.0366002140301688e-12
0.9852899991006011,2.0756765628988092e-12
0.9909558457220665,7.699134160399648e-10
0.9909558457220665,7.699134160399648e-10
1.0425001917001655,2.052514349718963e-12
1.0836449733926021,2.2582896776363537e-12
1.0475095620278927,8.35562865387652e-10
1.0871306906637264,1.3039861826698041e-9
1.1391592900269012,1.890166431479458e-9
1.1744888182720101,2.6670197171509655e-12
1.1883172875887278,2.6027280972351293e-12
1.18135315959453,2.136040432908329e-9
1.2857583708243905,2.700763883141394e-12
1.2758528442570773,2.6310344551858777e-12
1.3190869569798462,1.868050379031301e-9
1.270830143988639,2.0456739702123945e-9
1.3994872475309146,2.6368772889706375e-12
1.406621657033197,1.5288936998462687e-9
1.374797793466022,1.5469223168903488e-9
1.525845233390793,2.6430861288570786e-12
1.523816314256781,1.296748811999206e-9
1.662645356523782,2.679513965293213e-12
1.6703014648911287,2.5911436296600196e-12
1.6922177123674786,1.1021448705849735e-9
1.656881872378224,1.1105974085443988e-9
1.8141857610777417,2.716521433688105e-12
1.8154543230190063,2.6361680609882226e-12
1.8293030438464128,8.573211651281121e-10
1.7654143443960493,9.31644573958657e-10
1.9824365937561554,2.4896779381887813e-12
1.9738961879438799,7.158939987751164e-10
2.1555047807078016,2.2444178161388477e-12
2.1885071660770694,5.058983860737612e-10
2.106638258944108,5.864300574633647e-10
2.3493288170422155,2.1432555003791045e-12
2.447234545273918,3.633642554990151e-10
2.339915717376599,3.961810486308088e-10
2.5769188977702626,2.0680601966591864e-12
2.561401714590599,2.0579130101335362e-12
2.586358800746698,2.5950996319168724e-10
2.484547146584217,3.0189513549381504e-10
2.8051567764126935,2.003628513662778e-12
2.7949279633832016,2.001457830114887e-12
2.8608289666273023,1.6226365084785934e-10
2.74346262245396,1.9945813763178236e-10
3.048390227333701,1.9975587968187845e-12
3.052496293159951,2.0002296265850005e-12
3.1432683349567205,9.020791231349745e-11
3.0042867063999497,1.205167534503505e-10
3.2841901230453394,2.12754103078097e-12
3.3358805603256547,2.1793476443018733e-12
3.4421495749047626,5.239391535916195e-11
3.282811982409625,6.790763851401882e-11
3.624201765324558,2.39829907454682e-12
3.8321804287086136,2.658286600900559e-12
3.8054945443665322,1.4720277011743138e-11
3.650974269836267,2.4213516823216524e-11
3.5345757669824875,3.8684059562421644e-11
3.7903457198242783,2.668775388908266e-12
3.883504342963993,4.197206096923591e-12
3.871662819021053,7.319207329252462e-12
3.81372925672576,1.2590978246727757e-11
3.680701492904004,1.9924998436642312e-11
